{
  "center_": [
    123.18381116308404,
    7.0200548732688794,
    1.6447126738388875,
    8.549620060790273
  ],
  "scale_": [
    306.81179718103556,
    15.367205914869443,
    8.71706263967217,
    20.57808880603528
  ],
  "nutrient_order": [
    "calories",
    "protein",
    "fat",
    "carbs"
  ]
}